"Invested In","NSE Code","BSE Code","Sector","Market Value Latest Price","Value as of <br> 30 Apr, 2025","% of Total Holding","Quantity","Month Change <br> in Shares","Month Change <br> in Shares %","History "
"HDFC Bank Ltd","HDFCBANK","500180","Financial Services","12809895000","12801250000","2.21","6650000","","","/mutual-fund/holding-history/10901/533/"
"Multi Commodity Exchange of India Ltd","MCX","534091","Financial Services","11889962735","11342989000","1.95","1851010","","","/mutual-fund/holding-history/10901/853/"
"Dixon Technologies (India) Ltd","DIXON","540699","Technology","7094943104","7734809000","1.33","470144","","","/mutual-fund/holding-history/10901/60393/"
"Kirloskar Brothers Ltd","KIRLOSBROS","500241","Industrials","8124071358","7656287000","1.32","4472130","","","/mutual-fund/holding-history/10901/744/"
"Tube Investments of India Ltd Ordinary Shares","TIINDIA","540762","Industrials","7608131612.4","7244245000","1.25","2499222","","","/mutual-fund/holding-history/10901/67548/"
"State Bank of India","SBIN","500112","Financial Services","7222670000","7176715000","1.24","9100000","","","/mutual-fund/holding-history/10901/1193/"
"Karur Vysya Bank Ltd","KARURVYSYA","590003","Financial Services","7207671739.74","6934329000","1.19","31784062","","","/mutual-fund/holding-history/10901/721/"
"Bharat Heavy Electricals Ltd","BHEL","500103","Industrials","7154675000","6238100000","1.08","27500000","","","/mutual-fund/holding-history/10901/189/"
"Emami Ltd","EMAMILTD","531162","Consumer Defensive","5877887783.3","6228338000","1.07","9970126","","","/mutual-fund/holding-history/10901/374/"
"NLC India Ltd","NLCINDIA","513683","Utilities","6483135824.2","6188114000","1.07","27190940","","","/mutual-fund/holding-history/10901/935/"
"Balrampur Chini Mills Ltd","BALRAMCHIN","500038","Consumer Defensive","6173866269.45","6093672000","1.05","11061303","","","/mutual-fund/holding-history/10901/157/"
"AWL Agri Business Ltd","AWL","543458","Consumer Defensive","6016542586.8","6004177000","1.03","22483343","","","/mutual-fund/holding-history/10901/755501/"
"ELANTAS Beck India Ltd","","500123","Basic Materials","5840106000","5948578000","1.03","614748","","","/mutual-fund/holding-history/10901/2035/"
"Zydus Wellness Ltd","ZYDUSWELL","531335","Consumer Defensive","6497713815.4","5857001000","1.01","3318038","","","/mutual-fund/holding-history/10901/1550/"
"AstraZeneca Pharma India Ltd","ASTRAZEN","506820","Healthcare","5202411912.5","5712749000","0.98","658075","","","/mutual-fund/holding-history/10901/124/"
"Paradeep Phosphates Ltd","PARADEEP","543530","Basic Materials","6245139943.7","5623945000","0.97","39044326","-491919","-1.24","/mutual-fund/holding-history/10901/895889/"
"Radico Khaitan Ltd","RADICO","532497","Consumer Defensive","5455249882.5","5473527000","0.94","2228907","","","/mutual-fund/holding-history/10901/1090/"
"TD Power Systems Ltd","TDPOWERSYS","533553","Industrials","5948843980","5386974000","0.93","12458312","","","/mutual-fund/holding-history/10901/1373/"
"Central Depository Services (India) Ltd","CDSL","","Financial Services","5906760644.4","5319228000","0.92","4029718","","","/mutual-fund/holding-history/10901/53219/"
"Reliance Industries Ltd","RELIANCE","500325","Energy","5346201499.1","5281916000","0.91","3759371","","","/mutual-fund/holding-history/10901/1127/"
"Whirlpool of India Ltd","WHIRLPOOL","500238","Consumer Cyclical","5214784401.3","5255052000","0.91","4172829","200000","5.03","/mutual-fund/holding-history/10901/1521/"
"Pfizer Ltd","PFIZER","500680","Healthcare","6534183612.8","5177559000","0.89","1206103","108","0.01","/mutual-fund/holding-history/10901/1027/"
"Asian Paints Ltd","ASIANPAINT","500820","Basic Materials","4895175560","5101490000","0.88","2103100","129160","6.54","/mutual-fund/holding-history/10901/117/"
"Apar Industries Ltd","APARINDS","532259","Industrials","6875826066","5038615000","0.87","899271","","","/mutual-fund/holding-history/10901/88/"
"Axis Bank Ltd","AXISBANK","532215","Financial Services","4995188105.6","4950902000","0.85","4177976","1000000","31.47","/mutual-fund/holding-history/10901/140/"
"Aster DM Healthcare Ltd Ordinary Shares","ASTERDM","540975","Healthcare","5295997977.6","4871952000","0.84","9648384","","","/mutual-fund/holding-history/10901/77534/"
"Vedanta Ltd","VEDL","500295","Basic Materials","5090908928","4763636000","0.82","11363636","","","/mutual-fund/holding-history/10901/1289/"
"ISGEC Heavy Engineering Ltd","ISGEC","533033","Industrials","5238685695.6","4729718000","0.82","4185591","","","/mutual-fund/holding-history/10901/3892/"
"KFin Technologies Ltd","KFINTECH","543720","Technology","4249384534.4","4715588000","0.81","3937532","","","/mutual-fund/holding-history/10901/1253626/"
"Voltamp Transformers Ltd","VOLTAMP","532757","Industrials","5312634044","4691039000","0.81","642476","","","/mutual-fund/holding-history/10901/1499/"
"Kirloskar Pneumatic Co Ltd","","505283","Industrials","5198511859.2","4642232000","0.8","4102361","","","/mutual-fund/holding-history/10901/2214/"
"Gokaldas Exports Ltd","GOKEX","532630","Consumer Cyclical","5094729339","4577165000","0.79","5394102","","","/mutual-fund/holding-history/10901/480/"
"NIIT Learning Systems Ltd","NIITMTS","543952","Consumer Defensive","4235505091.4","4568683000","0.79","12204308","","","/mutual-fund/holding-history/10901/1603230/"
"Ajanta Pharma Ltd","AJANTPHARM","532331","Healthcare","4338052019.7","4531286000","0.78","1674471","","","/mutual-fund/holding-history/10901/49/"
"PNB Housing Finance Ltd","PNBHOUSING","540173","Financial Services","4567559691.2","4434123000","0.76","4389352","","","/mutual-fund/holding-history/10901/4826/"
"eClerx Services Ltd","ECLERX","532927","Technology","6004963242","4432436000","0.76","1762330","","","/mutual-fund/holding-history/10901/356/"
"Tata Consumer Products Ltd","TATACONSUM","500800","Consumer Defensive","4221418295.2","4323023000","0.74","3708203","","","/mutual-fund/holding-history/10901/1359/"
"Sundaram Fasteners Ltd","SUNDRMFAST","500403","Consumer Cyclical","4723619983.85","4312840000","0.74","4702693","","","/mutual-fund/holding-history/10901/1313/"
"Hindustan Unilever Ltd","HINDUNILVR","500696","Consumer Defensive","4367688421.8","4297775000","0.74","1835009","425000","30.14","/mutual-fund/holding-history/10901/560/"
"HDFC Life Insurance Co Ltd","HDFCLIFE","540777","Financial Services","4453067174.4","4268814000","0.74","5739968","","","/mutual-fund/holding-history/10901/65394/"
"Coal India Ltd","COALINDIA","533278","Energy","4385451750","4224815000","0.73","10965000","","","/mutual-fund/holding-history/10901/275/"
"Inox Wind Ltd","INOXWIND","539083","Industrials","4770951020.64","4187496000","0.72","24775152","","","/mutual-fund/holding-history/10901/1627/"
"Affle 3i Ltd","AFFLE","542752","Communication Services","4340477142.8","4098793000","0.71","2587622","","","/mutual-fund/holding-history/10901/154217/"
"Tejas Networks Ltd","TEJASNET","540595","Technology","4259660267.85","4047844000","0.7","5763697","","","/mutual-fund/holding-history/10901/54898/"
"eMudhra Ltd","EMUDHRA","543533","Technology","3766322858.1","3942476000","0.68","5083786","","","/mutual-fund/holding-history/10901/897537/"
"Hindustan Aeronautics Ltd Ordinary Shares","HAL","541154","Industrials","4339972485.2","3872932000","0.67","862972","","","/mutual-fund/holding-history/10901/80502/"
"TBO Tek Ltd","TBOTEK","544174","Consumer Cyclical","4419499481.5","3849883000","0.66","3427297","","","/mutual-fund/holding-history/10901/2245414/"
"Jyothy Labs Ltd","JYOTHYLAB","532926","Consumer Defensive","3422253460","3747944000","0.65","10021240","","","/mutual-fund/holding-history/10901/706/"
"Vardhman Textiles Ltd","VTL","502986","Consumer Cyclical","4024917144","3739628000","0.64","8233440","","","/mutual-fund/holding-history/10901/1504/"
"Ion Exchange (India) Ltd","IONEXCHANG","500214","Industrials","4030413408","3574235000","0.62","7161360","","","/mutual-fund/holding-history/10901/2050/"
"Kalpataru Projects International Ltd","KPIL","522287","Industrials","4045777534.5","3521737000","0.61","3622814","","","/mutual-fund/holding-history/10901/712/"
"Procter & Gamble Health Ltd","PGHL","500126","Healthcare","3783595376","3478334000","0.6","684442","3500","0.51","/mutual-fund/holding-history/10901/858/"
"K.P.R. Mill Ltd","KPRMILL","532889","Consumer Cyclical","3977869137.2","3430413000","0.59","3439873","","","/mutual-fund/holding-history/10901/764/"
"Blue Star Ltd","BLUESTARCO","500067","Industrials","3106428608.4","3416811000","0.59","2002468","","","/mutual-fund/holding-history/10901/209/"
"Cyient Ltd","CYIENT","532175","Industrials","3839703904.4","3386113000","0.58","2850983","","","/mutual-fund/holding-history/10901/301/"
"Krishna Institute of Medical Sciences Ltd","KIMS","543308","Healthcare","3352775000","3366356000","0.58","5125000","","","/mutual-fund/holding-history/10901/555690/"
"Vishal Mega Mart Ltd","VMM","544307","Consumer Cyclical","3555307672.5","3363137000","0.58","28385690","","","/mutual-fund/holding-history/10901/2839786/"
"Crompton Greaves Consumer Electricals Ltd","CROMPTON","539876","Consumer Cyclical","3543014370","3347503000","0.58","9924410","","","/mutual-fund/holding-history/10901/2020/"
"Carborundum Universal Ltd","CARBORUNIV","513375","Industrials","3261663301.6","3338078000","0.58","3265582","","","/mutual-fund/holding-history/10901/238/"
"Aditya Birla Real Estate Ltd","ABREL","500040","Basic Materials","3831471986.5","3301556000","0.57","1721623","","","/mutual-fund/holding-history/10901/253/"
"Avalon Technologies Ltd","AVALON","543896","Technology","3198052728","3262847000","0.56","3789162","","","/mutual-fund/holding-history/10901/1416031/"
"Fine Organic Industries Ltd Ordinary Shares","FINEORG","541557","Basic Materials","3648551397.1","3201952000","0.55","785023","","","/mutual-fund/holding-history/10901/92286/"
"InterGlobe Aviation Ltd","INDIGO","539448","Industrials","3148567560","3110644000","0.54","592560","","","/mutual-fund/holding-history/10901/1784/"
"Voltas Ltd","VOLTAS","500575","Consumer Cyclical","3150457329.8","3086534000","0.53","2496994","","","/mutual-fund/holding-history/10901/1500/"
"Birla Corp Ltd","BIRLACORPN","500335","Basic Materials","3953746427.4","2981200000","0.51","2812453","","","/mutual-fund/holding-history/10901/198/"
"Tata Power Co Ltd","TATAPOWER","500400","Utilities","3099810903.6","2962624000","0.51","7707138","","","/mutual-fund/holding-history/10901/1364/"
"Sapphire Foods India Ltd","SAPPHIRE","543397","Consumer Cyclical","2940143185","2937823000","0.51","9282220","","","/mutual-fund/holding-history/10901/716755/"
"Persistent Systems Ltd","PERSISTENT","533179","Technology","3105183074","2926974000","0.5","550028","","","/mutual-fund/holding-history/10901/1023/"
"Sundaram Finance Holdings Ltd","SUNDARMHLD","","Financial Services","3087854711.55","2916184000","0.5","8848989","","","/mutual-fund/holding-history/10901/87798/"
"PG Electroplast Ltd","PGEL","533581","Technology","2641072496","2914085000","0.5","3451480","","","/mutual-fund/holding-history/10901/1031/"
"Timken India Ltd","TIMKEN","522113","Industrials","3701747046.2","2904295000","0.5","1184218","","","/mutual-fund/holding-history/10901/1399/"
"Kirloskar Oil Engines Ltd","KIRLOSENG","533293","Industrials","3255919452.5","2822112000","0.49","3780458","-114703","-2.94","/mutual-fund/holding-history/10901/745/"
"Indian Hotels Co Ltd","INDHOTEL","500850","Consumer Cyclical","2755903873.1","2815415000","0.49","3574222","","","/mutual-fund/holding-history/10901/606/"
"Chambal Fertilisers & Chemicals Ltd","CHAMBLFERT","500085","Basic Materials","2410845918","2810760000","0.48","4057980","","","/mutual-fund/holding-history/10901/258/"
"RBL Bank Ltd","RBLBANK","540065","Financial Services","2915008336.9","2768940000","0.48","13819135","","","/mutual-fund/holding-history/10901/4685/"
"Styrenix Performance Materials Ltd","STYRENIX","506222","Basic Materials","2896910336.6","2742633000","0.47","995981","","","/mutual-fund/holding-history/10901/1300/"
"Genus Power Infrastructures Ltd","GENUSPOWER","530343","Industrials","3633154830.6","2721630000","0.47","9589956","","","/mutual-fund/holding-history/10901/449/"
"Gujarat Fluorochemicals Ltd Ordinary Shares","FLUOROCHEM","542812","Basic Materials","2782581073.8","2715882000","0.47","697686","-40000","-5.42","/mutual-fund/holding-history/10901/169265/"
"Galaxy Surfactants Ltd","GALAXYSURF","540935","Basic Materials","2898076500","2668549000","0.46","1288034","","","/mutual-fund/holding-history/10901/74800/"
"Bayer CropScience Ltd","BAYERCROP","506285","Basic Materials","3176861252","2626146000","0.45","559898","","","/mutual-fund/holding-history/10901/169/"
"MAS Financial Services Ltd Ordinary Shares","MASFIN","540749","Financial Services","2807918344","2568871000","0.44","9596440","","","/mutual-fund/holding-history/10901/62997/"
"Linde India Ltd","LINDEINDIA","523457","Basic Materials","3007800000","2534400000","0.44","400000","","","/mutual-fund/holding-history/10901/791/"
"Indigo Paints Ltd Ordinary Shares","INDIGOPNTS","543258","Basic Materials","2758470000","2534350000","0.44","2600000","","","/mutual-fund/holding-history/10901/402502/"
"Finolex Cables Ltd","FINCABLES","500144","Industrials","2884797255.7","2529031000","0.44","2918506","","","/mutual-fund/holding-history/10901/416/"
"Kaynes Technology India Ltd","KAYNES","543664","Industrials","2620288916","2519124000","0.43","438322","","","/mutual-fund/holding-history/10901/1124672/"
"Gland Pharma Ltd","GLAND","543245","Healthcare","2720228850.9","2492519000","0.43","1780371","","","/mutual-fund/holding-history/10901/338662/"
"H.G. Infra Engineering Ltd Ordinary Shares","HGINFRA","541019","Industrials","2463880345.2","2378827000","0.41","2214923","","","/mutual-fund/holding-history/10901/78664/"
"Samvardhana Motherson International Ltd","MOTHERSON","517334","Consumer Cyclical","2630983795.44","2363859000","0.41","17737368","","","/mutual-fund/holding-history/10901/878/"
"Bharat Dynamics Ltd Ordinary Shares","BDL","541143","Industrials","2992088729.8","2334931000","0.4","1526498","","","/mutual-fund/holding-history/10901/80210/"
"Praj Industries Ltd","PRAJIND","522205","Industrials","2474587001.4","2330360000","0.4","5051724","","","/mutual-fund/holding-history/10901/1061/"
"Orient Electric Ltd Ordinary Shares","ORIENTELEC","541301","Consumer Cyclical","2346836106.12","2317213000","0.4","9974228","","","/mutual-fund/holding-history/10901/94299/"
"Hitachi Energy India Ltd Ordinary Shares","POWERINDIA","543187","Industrials","2750118296","2309355000","0.4","158948","","","/mutual-fund/holding-history/10901/202203/"
"Rategain Travel Technologies Ltd","RATEGAIN","543417","Technology","2512657007.1","2309058000","0.4","5322862","","","/mutual-fund/holding-history/10901/747240/"
"Century Plyboards (India) Ltd","CENTURYPLY","532548","Basic Materials","2476477123.2","2285740000","0.39","3274464","","","/mutual-fund/holding-history/10901/252/"
"Grindwell Norton Ltd","GRINDWELL","506076","Industrials","2381623773.6","2248030000","0.39","1333272","","","/mutual-fund/holding-history/10901/496/"
"AAVAS Financiers Ltd","AAVAS","541988","Financial Services","1975409767.4","2164218000","0.37","1113911","","","/mutual-fund/holding-history/10901/106807/"
"Deepak Nitrite Ltd","DEEPAKNTR","506401","Basic Materials","2221222378","2109823000","0.36","1090010","2468","0.23","/mutual-fund/holding-history/10901/318/"
"RITES Ltd Ordinary Shares","RITES","541556","Industrials","2544076000","2071104000","0.36","9200000","","","/mutual-fund/holding-history/10901/92280/"
"JTEKT India Ltd","JTEKTINDIA","520057","Consumer Cyclical","2006803678.56","2049225000","0.35","14429132","","","/mutual-fund/holding-history/10901/1266/"
"Aditya Birla Fashion and Retail Ltd","ABFRL","535755","Consumer Cyclical","682054800.55","2043838000","0.35","7755029","","","/mutual-fund/holding-history/10901/1029/"
"Aarti Industries Ltd","AARTIIND","524208","Basic Materials","2303016682.75","2027685000","0.35","4813495","","","/mutual-fund/holding-history/10901/14/"
"CIE Automotive India Ltd","CIEINDIA","532756","Consumer Cyclical","2240516262.4","2016266000","0.35","4966784","","","/mutual-fund/holding-history/10901/816/"
"Dr Reddy's Laboratories Ltd","DRREDDY","500124","Healthcare","2117216841.6","2016227000","0.35","1703038","1000000","142.24","/mutual-fund/holding-history/10901/346/"
"Metropolis Healthcare Ltd","METROPOLIS","542650","Healthcare","1912482052.8","1948789000","0.34","1145336","","","/mutual-fund/holding-history/10901/139598/"
"VST Tillers Tractors Ltd","VSTTILLERS","531266","Industrials","2041124752.2","1943206000","0.33","543691","","","/mutual-fund/holding-history/10901/1503/"
"Asahi India Glass Ltd","ASAHIINDIA","515030","Consumer Cyclical","1943906857.2","1920616000","0.33","2616999","","","/mutual-fund/holding-history/10901/107/"
"Craftsman Automation Ltd","CRAFTSMAN","543276","Consumer Cyclical","2376515112.4","1915998000","0.33","416042","","","/mutual-fund/holding-history/10901/445359/"
"Protean eGov Technologies Ltd","","544021","Technology","1385068350","1905650000","0.33","1454140","","","/mutual-fund/holding-history/10901/1776577/"
"Raymond Ltd","RAYMOND","500330","Consumer Cyclical","784737959.1","1891321000","0.33","1238343","","","/mutual-fund/holding-history/10901/1115/"
"Brigade Enterprises Ltd","BRIGADE","532929","Real Estate","1974474362.7","1885217000","0.32","1832799","","","/mutual-fund/holding-history/10901/219/"
"Jindal Saw Ltd","JINDALSAW","500378","Basic Materials","1622642647.8","1876762000","0.32","7567590","","","/mutual-fund/holding-history/10901/676/"
"PVR INOX Ltd","PVRINOX","532689","Communication Services","1950137397.6","1851511000","0.32","1964676","","","/mutual-fund/holding-history/10901/1087/"
"Astra Microwave Products Ltd","ASTRAMICRO","532493","Technology","2401520000","1823030000","0.31","2200000","","","/mutual-fund/holding-history/10901/123/"
"Kajaria Ceramics Ltd","KAJARIACER","500233","Industrials","2306916838.2","1816319000","0.31","2257699","2257699","New","/mutual-fund/holding-history/10901/709/"
"Honda India Power Products Ltd","HONDAPOWER","522064","Industrials","2595253838","1813618000","0.31","894730","894730","New","/mutual-fund/holding-history/10901/570/"
"City Union Bank Ltd","CUB","532210","Financial Services","1982479578","1809858000","0.31","10250670","","","/mutual-fund/holding-history/10901/295/"
"Zensar Technologies Ltd","ZENSARTECH","504067","Technology","2071182678.4","1796182000","0.31","2496604","","","/mutual-fund/holding-history/10901/1544/"
"Navin Fluorine International Ltd","NAVINFLUOR","532504","Basic Materials","1686806559.5","1794646000","0.31","396905","","","/mutual-fund/holding-history/10901/914/"
"FDC Ltd","FDC","531599","Healthcare","1956211889","1792307000","0.31","4257262","","","/mutual-fund/holding-history/10901/410/"
"Dr. Lal PathLabs Ltd","LALPATHLAB","539524","Healthcare","1838857668","1787413000","0.31","645485","","","/mutual-fund/holding-history/10901/1877/"
"DOMS Industries Ltd","DOMS","544045","Industrials","1557630023","1787402000","0.31","650911","","","/mutual-fund/holding-history/10901/1819409/"
"Aditya Birla Sun Life AMC Ltd","ABSLAMC","543374","Financial Services","1952370000","1786050000","0.31","2700000","","","/mutual-fund/holding-history/10901/674158/"
"CARE Ratings Ltd","CARERATING","534804","Financial Services","2518719921","1785773000","0.31","1476822","","","/mutual-fund/holding-history/10901/240/"
"Lemon Tree Hotels Ltd","LEMONTREE","541233","Consumer Cyclical","1822628549.15","1784443000","0.31","13032739","","","/mutual-fund/holding-history/10901/81513/"
"Sai Life Sciences Ltd","SAILIFE","544306","Healthcare","1843078717","1763726000","0.3","2531180","","","/mutual-fund/holding-history/10901/2840733/"
"Ambuja Cements Ltd","AMBUJACEM","500425","Basic Materials","1828775000","1754025000","0.3","3250000","550000","20.37","/mutual-fund/holding-history/10901/71/"
"Thyrocare Technologies Ltd","THYROCARE","539871","Healthcare","1997125621.2","1730487000","0.3","1970718","","","/mutual-fund/holding-history/10901/2013/"
"Godrej Agrovet Ltd Ordinary Shares","GODREJAGRO","540743","Consumer Defensive","1689161775.6","1726024000","0.3","2240862","","","/mutual-fund/holding-history/10901/62812/"
"Schaeffler India Ltd","SCHAEFFLER","505790","Consumer Cyclical","1934226801.1","1681825000","0.29","484271","","","/mutual-fund/holding-history/10901/406/"
"Bajaj Electricals Ltd","BAJAJELEC","500031","Consumer Cyclical","2089404146.85","1669135000","0.29","3062071","","","/mutual-fund/holding-history/10901/146/"
"Narayana Hrudayalaya Ltd","NH","539551","Healthcare","1645315869.8","1662217000","0.29","944173","","","/mutual-fund/holding-history/10901/1886/"
"Castrol India Ltd","CASTROLIND","500870","Energy","1732006434.08","1654762000","0.29","8368798","","","/mutual-fund/holding-history/10901/241/"
"Delhivery Ltd","DELHIVERY","543529","Industrials","1948531826.85","1639923000","0.28","5367117","3239014","152.2","/mutual-fund/holding-history/10901/888524/"
"Bajaj Consumer Care Ltd","BAJAJCON","533229","Consumer Defensive","1783643939.4","1637676000","0.28","9856020","","","/mutual-fund/holding-history/10901/145/"
"Harsha Engineers International Ltd","HARSHA","543600","Industrials","1606551134.4","1554220000","0.27","4136864","","","/mutual-fund/holding-history/10901/1037930/"
"Texmaco Rail & Engineering Ltd","TEXRAIL","533326","Industrials","1813996497","1537334000","0.26","11408783","","","/mutual-fund/holding-history/10901/1380/"
"Esab India Ltd","ESABINDIA","500133","Industrials","1714822972","1524905000","0.26","326882","","","/mutual-fund/holding-history/10901/386/"
"Just Dial Ltd","JUSTDIAL","535648","Communication Services","1465743025.6","1524321000","0.26","1627157","","","/mutual-fund/holding-history/10901/704/"
"Allied Blenders and Distillers Ltd","ABDL","544203","Consumer Defensive","2000042705.8","1516942000","0.26","4937158","2184","0.04","/mutual-fund/holding-history/10901/2365668/"
"J.B. Chemicals & Pharmaceuticals Ltd","JBCHEPHARM","506943","Healthcare","1583690659.2","1512225000","0.26","937872","","","/mutual-fund/holding-history/10901/665/"
"West Coast Paper Mills Ltd","WSTCSTPAPR","500444","Basic Materials","1653559800.75","1494838000","0.26","3359187","10877","0.32","/mutual-fund/holding-history/10901/1530/"
"CreditAccess Grameen Ltd Ordinary Shares","CREDITACC","541770","Financial Services","1566782371","1452991000","0.25","1334795","","","/mutual-fund/holding-history/10901/100478/"
"UTI Asset Management Co Ltd","UTIAMC","543238","Financial Services","1710755232.4","1444597000","0.25","1417244","","","/mutual-fund/holding-history/10901/305194/"
"NIIT Ltd","NIITLTD","500304","Consumer Defensive","1511327197.32","1439216000","0.25","11111066","","","/mutual-fund/holding-history/10901/941/"
"FSN E-Commerce Ventures Ltd","NYKAA","543384","Consumer Cyclical","1406704829.04","1359425000","0.23","6994008","","","/mutual-fund/holding-history/10901/705188/"
"Vesuvius India Ltd","VESUVIUS","520113","Industrials","1642464000","1337155000","0.23","288000","","","/mutual-fund/holding-history/10901/1475/"
"ACME Solar Holdings Ltd","ACMESOLAR","544283","Utilities","1562736467.76","1328539000","0.23","6350264","794363","14.3","/mutual-fund/holding-history/10901/2759890/"
"MTAR Technologies Ltd","MTARTECH","543270","Industrials","1527605005.2","1316348000","0.23","926158","","","/mutual-fund/holding-history/10901/436155/"
"Lumax Auto Technologies Ltd","LUMAXTECH","532796","Consumer Cyclical","1713750000","1302375000","0.22","2500000","","","/mutual-fund/holding-history/10901/803/"
"Vindhya Telelinks Ltd","VINDHYATEL","517015","Industrials","1588826623.2","1286458000","0.22","975698","","","/mutual-fund/holding-history/10901/1486/"
"Vedant Fashions Ltd","MANYAVAR","543463","Consumer Cyclical","1243441175","1273406000","0.22","1628500","","","/mutual-fund/holding-history/10901/816269/"
"Sanofi India Ltd","SANOFI","500674","Healthcare","1328141348","1271754000","0.22","213992","","","/mutual-fund/holding-history/10901/1182/"
"Data Patterns (India) Ltd","DATAPATTNS","543428","Industrials","1431017079.8","1264613000","0.22","508571","","","/mutual-fund/holding-history/10901/755079/"
"Automotive Axles Ltd","AUTOAXLES","505010","Consumer Cyclical","1351687491","1257532000","0.22","759930","","","/mutual-fund/holding-history/10901/135/"
"Union Bank of India","UNIONBANK","532477","Financial Services","1391367218.22","1240387000","0.21","9861558","","","/mutual-fund/holding-history/10901/1447/"
"G R Infraprojects Ltd","GRINFRA","543317","Industrials","1538919288","1236495000","0.21","1191114","","","/mutual-fund/holding-history/10901/577216/"
"TTK Prestige Ltd","TTKPRESTIG","517506","Consumer Cyclical","1294638730.5","1215766000","0.21","2004395","124000","6.59","/mutual-fund/holding-history/10901/1421/"
"KEC International Ltd","KEC","532714","Industrials","1491488955.6","1208492000","0.21","1730868","","","/mutual-fund/holding-history/10901/727/"
"Orient Cement Ltd","ORIENTCEM","535754","Basic Materials","1192814014.4","1189074000","0.2","3400268","","","/mutual-fund/holding-history/10901/985/"
"Can Fin Homes Ltd","CANFINHOME","511196","Financial Services","1274383713","1175893000","0.2","1644260","24299","1.5","/mutual-fund/holding-history/10901/234/"
"Sonata Software Ltd","SONATSOFTW","532221","Technology","1094943840","1150339000","0.2","2728832","","","/mutual-fund/holding-history/10901/1267/"
"Birlasoft Ltd","BSOFT","532400","Technology","1205597349","1132188000","0.2","2901558","","","/mutual-fund/holding-history/10901/763/"
"Rainbow Childrens Medicare Ltd","RAINBOW","543524","Healthcare","1099542430.6","1084705000","0.19","785051","","","/mutual-fund/holding-history/10901/877862/"
"L.G.Balakrishnan & Bros Ltd","LGBBROSLTD","500250","Consumer Cyclical","1188930071","1063311000","0.18","890918","","","/mutual-fund/holding-history/10901/787/"
"Sanofi Consumer Healthcare India Ltd","SANOFICONR","544250","Healthcare","1080402809.6","1057120000","0.18","213992","","","/mutual-fund/holding-history/10901/2638456/"
"LMW Ltd","LMW","500252","Industrials","1125264411","1045021000","0.18","64041","18000","39.1","/mutual-fund/holding-history/10901/785/"
"Max Estates Ltd","MAXESTATES","544008","Real Estate","1268912512.45","1027155000","0.18","2510461","","","/mutual-fund/holding-history/10901/1771763/"
"Blue Dart Express Ltd","BLUEDART","526612","Industrials","1113353250","1013744000","0.17","163428","","","/mutual-fund/holding-history/10901/208/"
"Sudarshan Chemical Industries Ltd","SUDARSCHEM","506655","Basic Materials","1068306350","993224000","0.17","969425","","","/mutual-fund/holding-history/10901/1304/"
"Sumitomo Chemical India Ltd Ordinary Shares","SUMICHEM","542920","Basic Materials","955979360","966238000","0.17","1899800","","","/mutual-fund/holding-history/10901/182906/"
"Fineotex Chemical Ltd","FCL","533333","Basic Materials","976465226.52","960702000","0.17","4041828","","","/mutual-fund/holding-history/10901/1562/"
"Raymond Lifestyle Ltd","RAYMONDLSL","544240","Consumer Cyclical","1074633621.5","953227000","0.16","990674","","","/mutual-fund/holding-history/10901/2613901/"
"Sandhar Technologies Ltd Ordinary Shares","SANDHAR","541163","Consumer Cyclical","1292150239.5","950216000","0.16","2562265","","","/mutual-fund/holding-history/10901/80794/"
"KPIT Technologies Ltd","KPITTECH","542651","Technology","988598586.2","931950000","0.16","743419","","","/mutual-fund/holding-history/10901/141324/"
"Honeywell Automation India Ltd","HONAUT","517174","Industrials","1012465890","916610000","0.16","26553","","","/mutual-fund/holding-history/10901/569/"
"Greenlam Industries Ltd","GREENLAM","538979","Consumer Cyclical","1184490421.56","915447000","0.16","4422876","","","/mutual-fund/holding-history/10901/1565/"
"Seamec Ltd","SEAMECLTD","526807","Industrials","864036518.05","888464000","0.15","911479","","","/mutual-fund/holding-history/10901/1198/"
"RHI Magnesita India Ltd","RHIM","534076","Industrials","921550543.2","875418000","0.15","1984176","","","/mutual-fund/holding-history/10901/989/"
"PNC Infratech Ltd","PNCINFRA","539150","Industrials","964501210.35","871284000","0.15","3282291","","","/mutual-fund/holding-history/10901/1717/"
"Archean Chemical Industries Ltd","ACI","543657","Basic Materials","865499664.6","861517000","0.15","1373373","","","/mutual-fund/holding-history/10901/1121044/"
"Campus Activewear Ltd","CAMPUS","543523","Consumer Cyclical","955942061.36","843347000","0.15","3475142","60636","1.78","/mutual-fund/holding-history/10901/877863/"
"Sansera Engineering Ltd","SANSERA","543358","Consumer Cyclical","982239672","836989000","0.14","772201","","","/mutual-fund/holding-history/10901/658068/"
"SIS Ltd Ordinary Shares","SIS","540673","Industrials","851016459","827718000","0.14","2452497","","","/mutual-fund/holding-history/10901/57882/"
"JK Lakshmi Cement Ltd","JKLAKSHMI","500380","Basic Materials","920073237","825940000","0.14","1063054","","","/mutual-fund/holding-history/10901/685/"
"Premier Energies Ltd","PREMIERENE","544238","Technology","855403732.8","809879000","0.14","824724","","","/mutual-fund/holding-history/10901/2571009/"
"Polyplex Corp Ltd","POLYPLEX","524051","Basic Materials","909674769.5","801513000","0.14","657517","","","/mutual-fund/holding-history/10901/1054/"
"Mishra Dhatu Nigam Ltd Ordinary Shares","MIDHANI","541195","Basic Materials","1077485176.25","794877000","0.14","2589175","659877","34.2","/mutual-fund/holding-history/10901/80900/"
"Stanley Lifestyles Ltd","STANLEY","544202","Consumer Cyclical","878986339.2","772098000","0.13","2526912","","","/mutual-fund/holding-history/10901/2350518/"
"Equitas Small Finance Bank Ltd Ordinary Shares","EQUITASBNK","543243","Financial Services","735548864","769453000","0.13","11492951","118300","1.04","/mutual-fund/holding-history/10901/325199/"
"Venus Pipes & Tubes Ltd","VENUSPIPES","543528","Basic Materials","875460000","730800000","0.13","600000","","","/mutual-fund/holding-history/10901/877861/"
"Apeejay Surrendra Park Hotels Ltd","PARKHOTELS","544111","Consumer Cyclical","743497137.88","719107000","0.12","4754426","","","/mutual-fund/holding-history/10901/1985406/"
"Sharda Motor Industries Ltd","SHARDAMOTR","535602","Consumer Cyclical","796166400","704939000","0.12","414670","","","/mutual-fund/holding-history/10901/1769/"
"Kirloskar Ferrous Industries Ltd","","500245","Industrials","859762794","703366000","0.12","1532554","","","/mutual-fund/holding-history/10901/2056/"
"Rallis India Ltd","RALLIS","500355","Basic Materials","843510562.2","695564000","0.12","2956574","","","/mutual-fund/holding-history/10901/1101/"
"Pokarna Ltd","POKARNA","532486","Industrials","785253499.5","667513000","0.12","738645","","","/mutual-fund/holding-history/10901/3854/"
"JK Tyre & Industries Ltd","JKTYRE","530007","Consumer Cyclical","779089588.2","643334000","0.11","2072598","","","/mutual-fund/holding-history/10901/687/"
"Landmark Cars Ltd","LANDMARK","543714","Consumer Cyclical","697405742","621896000","0.11","1510190","","","/mutual-fund/holding-history/10901/1241144/"
"Indoco Remedies Ltd","INDOCO","532612","Healthcare","643736033.49","603417000","0.1","2594559","","","/mutual-fund/holding-history/10901/614/"
"ICRA Ltd","ICRA","532835","Financial Services","702127073.5","601545000","0.1","108211","","","/mutual-fund/holding-history/10901/586/"
"IndiaMART InterMESH Ltd","INDIAMART","542726","Communication Services","597505844.8","597687000","0.1","258952","","","/mutual-fund/holding-history/10901/149049/"
"Fusion Finance Ltd","FUSION","543652","Financial Services","622448114.74","590278000","0.1","3618674","-1259575","-25.82","/mutual-fund/holding-history/10901/755078/"
"Subros Ltd","SUBROS","517168","Consumer Cyclical","737084880","580663000","0.1","968256","","","/mutual-fund/holding-history/10901/1302/"
"Cyient DLM Ltd","CYIENTDLM","543933","Technology","610923202.65","561808000","0.1","1256139","","","/mutual-fund/holding-history/10901/1513580/"
"3M India Ltd","3MINDIA","523395","Industrials","545500350","546135000","0.09","18138","","","/mutual-fund/holding-history/10901/10/"
"Divgi TorqTransfer Systems Ltd","DIVGIITTS","543812","Consumer Cyclical","641709706","540599000","0.09","1152910","","","/mutual-fund/holding-history/10901/1381687/"
"Sheela Foam Ltd","SFL","540203","Consumer Cyclical","540061187.5","540523000","0.09","838930","-88008","-9.49","/mutual-fund/holding-history/10901/4957/"
"Bajel Projects Ltd","BAJEL","544042","Utilities","656537547.78","529796000","0.09","3089007","","","/mutual-fund/holding-history/10901/1845603/"
"Sanathan Textiles Ltd","SANATHAN","544314","Consumer Cyclical","548815131.4","521275000","0.09","1243351","","","/mutual-fund/holding-history/10901/2863354/"
"Aeroflex Industries Ltd","AEROFLEX","543972","Industrials","491910514.74","515098000","0.09","2931354","","","/mutual-fund/holding-history/10901/1617407/"
"Clean Science and Technology Ltd","CLEAN","543318","Basic Materials","622968038","513768000","0.09","437324","437324","New","/mutual-fund/holding-history/10901/580869/"
"Gabriel India Ltd","GABRIEL","505714","Consumer Cyclical","563206473.75","470098000","0.08","868141","","","/mutual-fund/holding-history/10901/429/"
"Go Fashion (India) Ltd","GOCOLORS","543401","Consumer Cyclical","507999292.05","466862000","0.08","594047","","","/mutual-fund/holding-history/10901/728986/"
"Capital Small Finance Bank Ltd","CAPITALSFB","544120","Financial Services","437536332.6","439405000","0.08","1495084","-21","0","/mutual-fund/holding-history/10901/1998221/"
"R K Swamy Ltd","RKSWAMY","544136","Communication Services","389985412.78","433717000","0.07","2114659","","","/mutual-fund/holding-history/10901/2102499/"
"Wonderla Holidays Ltd","WONDERLA","538268","Consumer Cyclical","417079850.3","420988000","0.07","625354","","","/mutual-fund/holding-history/10901/1528/"
"Afcons Infrastructure Ltd","AFCONS","544280","Industrials","433297290","420199000","0.07","1003700","","","/mutual-fund/holding-history/10901/2734936/"
"Ceigall India Ltd","CEIGALL","544223","Industrials","345965568","352896000","0.06","1386080","","","/mutual-fund/holding-history/10901/2484735/"
"Rishabh Instruments Ltd","RISHABH","543977","Technology","411155142.5","344721000","0.06","1346725","","","/mutual-fund/holding-history/10901/1650515/"
"P N Gadgil Jewellers Ltd","PNGJL","544256","Consumer Cyclical","353795251.8","327013000","0.06","639948","200000","45.46","/mutual-fund/holding-history/10901/2618334/"
"Astec Lifesciences Ltd","ASTEC","533138","Basic Materials","319778892.85","316206000","0.05","461009","461009","New","/mutual-fund/holding-history/10901/121/"
"Rolex Rings Ltd","ROLEXRINGS","543325","Industrials","273064200","226602000","0.04","176125","","","/mutual-fund/holding-history/10901/612873/"
"Credo Brands Marketing Ltd","MUFTI","544058","Consumer Cyclical","301810381.83","222121000","0.04","1696231","","","/mutual-fund/holding-history/10901/1839759/"
"JNK India Ltd","JNKINDIA","544167","Industrials","210081485","202388000","0.03","574150","","","/mutual-fund/holding-history/10901/2217258/"
"Triveni Engineering & Industries Ltd","TRIVENI","532356","Consumer Defensive","209798088","202236000","0.03","494224","-235492","-32.27","/mutual-fund/holding-history/10901/1419/"
"Netweb Technologies India Ltd","NETWEB","543945","Technology","241779204.8","177520000","0.03","125776","","","/mutual-fund/holding-history/10901/1544933/"
"Elgi Equipments Ltd","ELGIEQUIP","522074","Industrials","64911128.8","58085000","0.01","130396","","","/mutual-fund/holding-history/10901/371/"
"Westlife Foodworld Ltd","WESTLIFE","505533","Consumer Cyclical","29416372.5","29121000","0.01","43419","-24854","-36.4","/mutual-fund/holding-history/10901/2228/"
"Unicommerce eSolutions Ltd","UNIECOM","544227","Technology","1488929.61","1306000","0","10787","-470152","-97.76","/mutual-fund/holding-history/10901/2492906/"